{
	"variables": [],
	"info": {
		"name": "HM",
		"_postman_id": "7048d61a-751e-7b9e-0ca9-4f87f98dbcbe",
		"description": "",
		"schema": "https://schema.getpostman.com/json/collection/v2.0.0/collection.json"
	},
	"item": [
		{
			"name": "介绍",
			"description": "",
			"item": [
				{
					"name": "UE",
					"request": {
						"url": "{{HM}}/introduction/ue?action=config",
						"method": "GET",
						"header": [],
						"body": {
							"mode": "formdata",
							"formdata": [
								{
									"key": "action",
									"value": "config",
									"type": "text",
									"enabled": true
								},
								{
									"key": "noCache",
									"value": "1494122902762",
									"type": "text",
									"enabled": true
								}
							]
						},
						"description": ""
					},
					"response": []
				},
				{
					"name": "查看",
					"request": {
						"url": "{{HM}}/introduction/get",
						"method": "GET",
						"header": [],
						"body": {},
						"description": ""
					},
					"response": []
				},
				{
					"name": "设置",
					"request": {
						"url": "{{HM}}/introduction/set",
						"method": "POST",
						"header": [],
						"body": {
							"mode": "formdata",
							"formdata": [
								{
									"key": "content",
									"value": "<p>sdafasdfasdf123456135</p><p style=\\\"text-align: center;\\\"><span style=\\\"color: rgb(255, 0, 0);\\\">135151</span></p><p><img src=\\\"file/introduction/0df8a7aa-c852-11e5-8539-ab27a204022b.png\\\" title=\\\"0df8a7aa-c852-11e5-8539-ab27a204022b.png\\\" alt=\\\"0df8a7aa-c852-11e5-8539-ab27a204022b.png\\\"/></p>",
									"type": "text",
									"enabled": true
								}
							]
						},
						"description": ""
					},
					"response": []
				}
			]
		},
		{
			"name": "新闻",
			"description": "",
			"item": [
				{
					"name": "查看",
					"request": {
						"url": "{{HM}}/news/get?newsId=353",
						"method": "GET",
						"header": [],
						"body": {},
						"description": ""
					},
					"response": []
				},
				{
					"name": "分页列出",
					"request": {
						"url": "{{HM}}/news/list?size=2&page=0&sort=id,desc",
						"method": "GET",
						"header": [],
						"body": {},
						"description": ""
					},
					"response": []
				},
				{
					"name": "新增-UE",
					"request": {
						"url": "{{HM}}/news/add/ue",
						"method": "POST",
						"header": [],
						"body": {
							"mode": "formdata",
							"formdata": [
								{
									"key": "action",
									"value": "config",
									"type": "text",
									"enabled": true
								},
								{
									"key": "noCache",
									"value": "1494122902762",
									"type": "text",
									"enabled": true
								}
							]
						},
						"description": ""
					},
					"response": []
				},
				{
					"name": "新增-提交",
					"request": {
						"url": "{{HM}}/news/add/submit",
						"method": "POST",
						"header": [],
						"body": {
							"mode": "formdata",
							"formdata": [
								{
									"key": "title",
									"value": "测试新闻",
									"type": "text",
									"enabled": true
								},
								{
									"key": "content",
									"value": "<p>测试新闻测试新闻测试新闻测试新闻测试新闻测试新闻测试新闻</p>",
									"type": "text",
									"enabled": true
								}
							]
						},
						"description": ""
					},
					"response": []
				},
				{
					"name": "删除",
					"request": {
						"url": "{{HM}}/news/delete",
						"method": "POST",
						"header": [],
						"body": {
							"mode": "formdata",
							"formdata": [
								{
									"key": "newsId",
									"value": "257",
									"type": "text",
									"enabled": true
								}
							]
						},
						"description": ""
					},
					"response": []
				},
				{
					"name": "修改-UE",
					"request": {
						"url": "{{HM}}/news/update/ue",
						"method": "POST",
						"header": [],
						"body": {
							"mode": "formdata",
							"formdata": [
								{
									"key": "newsId",
									"value": "225",
									"type": "text",
									"enabled": true
								},
								{
									"key": "action",
									"value": "config",
									"type": "text",
									"enabled": true
								},
								{
									"key": "noCache",
									"value": "149412290276",
									"type": "text",
									"enabled": true
								}
							]
						},
						"description": ""
					},
					"response": []
				},
				{
					"name": "修改-提交",
					"request": {
						"url": "{{HM}}/news/update/submit",
						"method": "POST",
						"header": [],
						"body": {
							"mode": "formdata",
							"formdata": [
								{
									"key": "newsId",
									"value": "353",
									"type": "text",
									"enabled": true
								},
								{
									"key": "title",
									"value": "新标题",
									"type": "text",
									"enabled": true
								},
								{
									"key": "content",
									"value": "<p>新内容新内容新内容新内容新内容</p>",
									"type": "text",
									"enabled": true
								}
							]
						},
						"description": ""
					},
					"response": []
				}
			]
		},
		{
			"name": "用户",
			"description": "",
			"item": [
				{
					"name": "注册",
					"request": {
						"url": "{{HM}}/user/register",
						"method": "POST",
						"header": [
							{
								"key": "Content-Type",
								"value": "application/x-www-form-urlencoded",
								"description": ""
							}
						],
						"body": {
							"mode": "urlencoded",
							"urlencoded": [
								{
									"key": "email",
									"value": "shf19961008@163.com",
									"type": "text",
									"enabled": true
								},
								{
									"key": "username",
									"value": "test",
									"type": "text",
									"enabled": true
								},
								{
									"key": "password",
									"value": "123",
									"type": "text",
									"enabled": true
								}
							]
						},
						"description": "除了JSON还新增id,username,role三个Cookie,会话期间有效"
					},
					"response": [
						{
							"id": "03d54ba5-5231-4964-ba75-47257d64c7fd",
							"name": "空提交",
							"originalRequest": {
								"url": "{{HM}}/user/register",
								"method": "POST",
								"header": [],
								"body": {
									"mode": "formdata",
									"formdata": [
										{
											"key": "username",
											"value": "",
											"type": "text",
											"enabled": true
										},
										{
											"key": "email",
											"value": "",
											"type": "text",
											"enabled": true
										},
										{
											"key": "password",
											"value": "",
											"type": "text",
											"enabled": true
										}
									]
								}
							},
							"status": "OK",
							"code": 200,
							"_postman_previewlanguage": "json",
							"_postman_previewtype": "text",
							"header": [
								{
									"key": "Cache-Control",
									"value": "no-store",
									"name": "Cache-Control",
									"description": "Tells all caching mechanisms from server to client whether they may cache this object. It is measured in seconds"
								},
								{
									"key": "Content-Language",
									"value": "zh-CN",
									"name": "Content-Language",
									"description": "The language the content is in"
								},
								{
									"key": "Content-Type",
									"value": "application/json;charset=UTF-8",
									"name": "Content-Type",
									"description": "The mime type of this content"
								},
								{
									"key": "Date",
									"value": "Mon, 27 Mar 2017 13:44:58 GMT",
									"name": "Date",
									"description": "The date and time that the message was sent"
								},
								{
									"key": "Transfer-Encoding",
									"value": "chunked",
									"name": "Transfer-Encoding",
									"description": "The form of encoding used to safely transfer the entity to the user. Currently defined methods are: chunked, compress, deflate, gzip, identity."
								}
							],
							"cookie": [
								{
									"expires": "Tue Mar 27 2018 13:08:57 GMT+0800 (中国标准时间)",
									"httpOnly": true,
									"domain": "45.78.7.182",
									"path": "/HM",
									"secure": false,
									"value": "9961051253BEA955019255F07A019B39",
									"key": "JSESSIONID"
								}
							],
							"responseTime": 591,
							"body": "{\"result\":false,\"msg\":[\"用户名含有非法字符或长度不正确\",\"密码长度不正确\"]}"
						}
					]
				},
				{
					"name": "登录",
					"request": {
						"url": "{{HM}}/user/login",
						"method": "POST",
						"header": [
							{
								"key": "Content-Type",
								"value": "application/x-www-form-urlencoded",
								"description": ""
							}
						],
						"body": {
							"mode": "urlencoded",
							"urlencoded": [
								{
									"key": "email",
									"value": "shf19961008@163.com",
									"type": "text",
									"enabled": true
								},
								{
									"key": "password",
									"value": "123",
									"type": "text",
									"enabled": true
								},
								{
									"key": "autologin",
									"value": "false",
									"type": "text",
									"enabled": true
								}
							]
						},
						"description": "除了JSON还新增id,username,role三个Cookie,会话期间有效。\r\nautologin：根据上次登录IP及cookieId判断，（同一浏览器同一IP）"
					},
					"response": []
				},
				{
					"name": "查看当前登录用户信息",
					"request": {
						"url": "{{HM}}/user/info",
						"method": "GET",
						"header": [],
						"body": {},
						"description": ""
					},
					"response": []
				},
				{
					"name": "注销",
					"request": {
						"url": "{{HM}}/user/logout",
						"method": "POST",
						"header": [],
						"body": {},
						"description": "除了JSON还修改id,username,role三个Cookie(访客身份(id=0,username=Guest,role=GUEST)),会话期间有效"
					},
					"response": []
				},
				{
					"name": "更新信息",
					"request": {
						"url": "{{HM}}/user/update-info",
						"method": "POST",
						"header": [],
						"body": {
							"mode": "formdata",
							"formdata": [
								{
									"key": "oldPassword",
									"value": "",
									"type": "text",
									"enabled": true
								},
								{
									"key": "newUsername",
									"value": "",
									"type": "text",
									"enabled": true
								},
								{
									"key": "newPassword",
									"value": "",
									"type": "text",
									"enabled": true
								}
							]
						},
						"description": "原密码必填\n不修改用户名可不填username\n不修改原密码可不填newPassword"
					},
					"response": []
				},
				{
					"name": "发送重置密码邮件",
					"request": {
						"url": "{{HM}}/user/send-reset-email",
						"method": "POST",
						"header": [
							{
								"key": "Content-Type",
								"value": "application/x-www-form-urlencoded",
								"description": ""
							}
						],
						"body": {
							"mode": "urlencoded",
							"urlencoded": [
								{
									"key": "email",
									"value": "shf19961008@163.com",
									"type": "text",
									"enabled": true
								}
							]
						},
						"description": ""
					},
					"response": []
				},
				{
					"name": "重置密码为123456",
					"request": {
						"url": "{{HM}}/user/reset-password?id=1&uuid=123123",
						"method": "POST",
						"header": [],
						"body": {},
						"description": ""
					},
					"response": []
				},
				{
					"name": "管理-分页列出",
					"request": {
						"url": "{{HM}}/user/manage/list?size=2&page=0&sort=id,desc",
						"method": "GET",
						"header": [],
						"body": {},
						"description": "GET user/manage?size={页面大小}&page={页数}&sort={属性,升序/降序}\n所有属性均能排序\n      {页面大小} 中的大括号不需要输入，下同\n      \"last\": false,是否最后一页\n            \"totalPages\": 7,\n            \"totalElements\": 21,\n            \"number\": 0,第几页（从0开始算）\n            \"size\": 3,\n      排序方法 逗号分隔 属性必填\n      \"first\": true 第一页"
					},
					"response": []
				},
				{
					"name": "管理-查看某个用户",
					"request": {
						"url": "{{HM}}/user/manage/get-user?id=6",
						"method": "GET",
						"header": [],
						"body": {},
						"description": ""
					},
					"response": []
				}
			]
		},
		{
			"name": "主页",
			"request": {
				"url": "{{HM}}",
				"method": "GET",
				"header": [],
				"body": {},
				"description": "新增id,username,role三个Cookie(访客身份(id=0,username=Guest,role=GUEST))"
			},
			"response": []
		}
	]
}